-- STEP 2: LOAD DATA
SET session_replication_role = 'replica';

-- Data for area
INSERT INTO "area" ("id", "name") VALUES ('1', 'Main Land');
INSERT INTO "area" ("id", "name") VALUES ('2', 'Free Zone');
SELECT setval(pg_get_serial_sequence('"area"', 'id'), COALESCE((SELECT MAX("id") FROM "area"), 1));

-- Data for asset_categories
INSERT INTO "asset_categories" ("id", "company_id", "name", "description") VALUES ('1', '1', 'Laptops', 'Portable computing devices');
INSERT INTO "asset_categories" ("id", "company_id", "name", "description") VALUES ('2', '1', 'Monitors', 'Display units');
INSERT INTO "asset_categories" ("id", "company_id", "name", "description") VALUES ('3', '1', 'Furniture', 'Office chairs, desks, etc.');
INSERT INTO "asset_categories" ("id", "company_id", "name", "description") VALUES ('4', '2', 'Diagnostic Tools', 'Specialized tech equipment');
SELECT setval(pg_get_serial_sequence('"asset_categories"', 'id'), COALESCE((SELECT MAX("id") FROM "asset_categories"), 1));

-- Data for asset_requests
INSERT INTO "asset_requests" ("id", "company_id", "employee_id", "category_id", "asset_id", "reason", "status", "admin_notes", "created_at", "updated_at") VALUES ('1', '1', '1', '2', NULL, 'Need a second monitor for design work', 'SUBMITTED', NULL, '2026-01-23T11:34:16.000Z', '2026-01-23T11:34:16.000Z');
SELECT setval(pg_get_serial_sequence('"asset_requests"', 'id'), COALESCE((SELECT MAX("id") FROM "asset_requests"), 1));

-- Data for assets
INSERT INTO "assets" ("id", "company_id", "category_id", "asset_code", "name", "brand", "model", "serial_number", "purchase_date", "purchase_cost", "status", "current_holder_id", "location", "notes", "created_at") VALUES ('1', '1', '1', 'LT-001', 'MacBook Pro 16', 'Apple', 'M2 Pro', NULL, NULL, NULL, 'ASSIGNED', '1', NULL, NULL, '2026-01-23T11:34:16.000Z');
INSERT INTO "assets" ("id", "company_id", "category_id", "asset_code", "name", "brand", "model", "serial_number", "purchase_date", "purchase_cost", "status", "current_holder_id", "location", "notes", "created_at") VALUES ('2', '1', '1', 'LT-002', 'ThinkPad Z13', 'Lenovo', 'Gen 1', NULL, NULL, NULL, 'AVAILABLE', NULL, NULL, NULL, '2026-01-23T11:34:16.000Z');
INSERT INTO "assets" ("id", "company_id", "category_id", "asset_code", "name", "brand", "model", "serial_number", "purchase_date", "purchase_cost", "status", "current_holder_id", "location", "notes", "created_at") VALUES ('3', '1', '2', 'MN-001', 'UltraSharp 27', 'Dell', 'U2723QE', NULL, NULL, NULL, 'AVAILABLE', NULL, NULL, NULL, '2026-01-23T11:34:16.000Z');
INSERT INTO "assets" ("id", "company_id", "category_id", "asset_code", "name", "brand", "model", "serial_number", "purchase_date", "purchase_cost", "status", "current_holder_id", "location", "notes", "created_at") VALUES ('4', '2', '4', 'DT-001', 'Oscilloscope', 'Tektronix', 'TBS1000', NULL, NULL, NULL, 'AVAILABLE', NULL, NULL, NULL, '2026-01-23T11:34:16.000Z');
SELECT setval(pg_get_serial_sequence('"assets"', 'id'), COALESCE((SELECT MAX("id") FROM "assets"), 1));

-- Data for companies
INSERT INTO "companies" ("id", "name", "subdomain", "status", "created_at", "updated_at") VALUES ('1', 'TRakio Headquarters', 'admin', 'ACTIVE', '2026-01-23T11:34:16.000Z', '2026-01-23T11:34:16.000Z');
INSERT INTO "companies" ("id", "name", "subdomain", "status", "created_at", "updated_at") VALUES ('2', 'Tech Solutions Inc', 'techsol', 'ACTIVE', '2026-01-23T11:34:16.000Z', '2026-01-23T11:34:16.000Z');
INSERT INTO "companies" ("id", "name", "subdomain", "status", "created_at", "updated_at") VALUES ('3', 'Global Logistics', 'globallog', 'ACTIVE', '2026-01-23T11:34:16.000Z', '2026-01-23T11:34:16.000Z');
SELECT setval(pg_get_serial_sequence('"companies"', 'id'), COALESCE((SELECT MAX("id") FROM "companies"), 1));

-- Data for company_module_field_selection
INSERT INTO "company_module_field_selection" ("id", "company_module_id", "field_id", "created_at") VALUES ('1', '27', '57', '2026-02-02T08:59:23.000Z');
INSERT INTO "company_module_field_selection" ("id", "company_module_id", "field_id", "created_at") VALUES ('6', '26', '105', '2026-02-02T09:12:46.000Z');
INSERT INTO "company_module_field_selection" ("id", "company_module_id", "field_id", "created_at") VALUES ('8', '29', '105', '2026-02-02T12:32:44.000Z');
INSERT INTO "company_module_field_selection" ("id", "company_module_id", "field_id", "created_at") VALUES ('14', '28', '56', '2026-02-02T13:15:04.000Z');
INSERT INTO "company_module_field_selection" ("id", "company_module_id", "field_id", "created_at") VALUES ('15', '28', '57', '2026-02-02T13:15:04.000Z');
INSERT INTO "company_module_field_selection" ("id", "company_module_id", "field_id", "created_at") VALUES ('16', '28', '74', '2026-02-02T13:15:04.000Z');
INSERT INTO "company_module_field_selection" ("id", "company_module_id", "field_id", "created_at") VALUES ('17', '28', '106', '2026-02-02T13:15:04.000Z');
INSERT INTO "company_module_field_selection" ("id", "company_module_id", "field_id", "created_at") VALUES ('18', '30', '104', '2026-02-02T13:23:04.000Z');
INSERT INTO "company_module_field_selection" ("id", "company_module_id", "field_id", "created_at") VALUES ('27', '24', '56', '2026-02-03T05:33:23.000Z');
INSERT INTO "company_module_field_selection" ("id", "company_module_id", "field_id", "created_at") VALUES ('38', '3', '56', '2026-02-03T08:34:56.000Z');
INSERT INTO "company_module_field_selection" ("id", "company_module_id", "field_id", "created_at") VALUES ('39', '3', '57', '2026-02-03T08:34:56.000Z');
INSERT INTO "company_module_field_selection" ("id", "company_module_id", "field_id", "created_at") VALUES ('40', '3', '62', '2026-02-03T08:34:56.000Z');
INSERT INTO "company_module_field_selection" ("id", "company_module_id", "field_id", "created_at") VALUES ('41', '3', '108', '2026-02-03T08:34:56.000Z');
INSERT INTO "company_module_field_selection" ("id", "company_module_id", "field_id", "created_at") VALUES ('42', '25', '56', '2026-02-03T08:50:37.000Z');
INSERT INTO "company_module_field_selection" ("id", "company_module_id", "field_id", "created_at") VALUES ('43', '25', '57', '2026-02-03T08:50:37.000Z');
INSERT INTO "company_module_field_selection" ("id", "company_module_id", "field_id", "created_at") VALUES ('44', '31', '56', '2026-02-03T09:10:19.000Z');
INSERT INTO "company_module_field_selection" ("id", "company_module_id", "field_id", "created_at") VALUES ('45', '31', '57', '2026-02-03T09:10:19.000Z');
SELECT setval(pg_get_serial_sequence('"company_module_field_selection"', 'id'), COALESCE((SELECT MAX("id") FROM "company_module_field_selection"), 1));

-- Data for company_modules
INSERT INTO "company_modules" ("id", "company_id", "module_id", "is_enabled", "created_at", "country_id", "property_type_id", "premises_type_id", "area_id", "status_id") VALUES ('1', '1', '2', '0', '2026-01-26T13:43:02.000Z', NULL, NULL, NULL, NULL, '1');
INSERT INTO "company_modules" ("id", "company_id", "module_id", "is_enabled", "created_at", "country_id", "property_type_id", "premises_type_id", "area_id", "status_id") VALUES ('2', '1', '5', '1', '2026-01-26T13:43:02.000Z', NULL, NULL, NULL, NULL, '1');
INSERT INTO "company_modules" ("id", "company_id", "module_id", "is_enabled", "created_at", "country_id", "property_type_id", "premises_type_id", "area_id", "status_id") VALUES ('3', '1', '1', '1', '2026-01-26T13:43:02.000Z', '2', '1', '2', '2', '1');
INSERT INTO "company_modules" ("id", "company_id", "module_id", "is_enabled", "created_at", "country_id", "property_type_id", "premises_type_id", "area_id", "status_id") VALUES ('4', '1', '3', '1', '2026-01-26T13:43:02.000Z', NULL, NULL, NULL, NULL, '1');
INSERT INTO "company_modules" ("id", "company_id", "module_id", "is_enabled", "created_at", "country_id", "property_type_id", "premises_type_id", "area_id", "status_id") VALUES ('5', '1', '4', '1', '2026-01-26T13:43:02.000Z', NULL, NULL, NULL, NULL, '1');
INSERT INTO "company_modules" ("id", "company_id", "module_id", "is_enabled", "created_at", "country_id", "property_type_id", "premises_type_id", "area_id", "status_id") VALUES ('6', '1', '7', '1', '2026-01-26T13:43:02.000Z', NULL, NULL, NULL, NULL, '1');
INSERT INTO "company_modules" ("id", "company_id", "module_id", "is_enabled", "created_at", "country_id", "property_type_id", "premises_type_id", "area_id", "status_id") VALUES ('7', '1', '8', '1', '2026-01-26T13:43:02.000Z', NULL, NULL, NULL, NULL, '1');
INSERT INTO "company_modules" ("id", "company_id", "module_id", "is_enabled", "created_at", "country_id", "property_type_id", "premises_type_id", "area_id", "status_id") VALUES ('8', '1', '6', '1', '2026-01-26T13:43:02.000Z', NULL, NULL, NULL, NULL, '1');
INSERT INTO "company_modules" ("id", "company_id", "module_id", "is_enabled", "created_at", "country_id", "property_type_id", "premises_type_id", "area_id", "status_id") VALUES ('9', '1', '9', '1', '2026-01-26T13:43:02.000Z', NULL, NULL, NULL, NULL, '1');
INSERT INTO "company_modules" ("id", "company_id", "module_id", "is_enabled", "created_at", "country_id", "property_type_id", "premises_type_id", "area_id", "status_id") VALUES ('16', '2', '2', '1', '2026-01-26T13:43:02.000Z', NULL, NULL, NULL, NULL, '1');
INSERT INTO "company_modules" ("id", "company_id", "module_id", "is_enabled", "created_at", "country_id", "property_type_id", "premises_type_id", "area_id", "status_id") VALUES ('17', '2', '5', '1', '2026-01-26T13:43:02.000Z', NULL, NULL, NULL, NULL, '1');
INSERT INTO "company_modules" ("id", "company_id", "module_id", "is_enabled", "created_at", "country_id", "property_type_id", "premises_type_id", "area_id", "status_id") VALUES ('18', '2', '1', '1', '2026-01-26T13:43:02.000Z', NULL, NULL, NULL, NULL, '1');
INSERT INTO "company_modules" ("id", "company_id", "module_id", "is_enabled", "created_at", "country_id", "property_type_id", "premises_type_id", "area_id", "status_id") VALUES ('19', '2', '3', '1', '2026-01-26T13:43:02.000Z', NULL, NULL, NULL, NULL, '1');
INSERT INTO "company_modules" ("id", "company_id", "module_id", "is_enabled", "created_at", "country_id", "property_type_id", "premises_type_id", "area_id", "status_id") VALUES ('20', '2', '4', '1', '2026-01-26T13:43:02.000Z', NULL, NULL, NULL, NULL, '1');
INSERT INTO "company_modules" ("id", "company_id", "module_id", "is_enabled", "created_at", "country_id", "property_type_id", "premises_type_id", "area_id", "status_id") VALUES ('21', '2', '6', '1', '2026-01-26T13:43:02.000Z', NULL, NULL, NULL, NULL, '1');
INSERT INTO "company_modules" ("id", "company_id", "module_id", "is_enabled", "created_at", "country_id", "property_type_id", "premises_type_id", "area_id", "status_id") VALUES ('22', '2', '9', '1', '2026-01-26T13:43:02.000Z', NULL, NULL, NULL, NULL, '1');
INSERT INTO "company_modules" ("id", "company_id", "module_id", "is_enabled", "created_at", "country_id", "property_type_id", "premises_type_id", "area_id", "status_id") VALUES ('23', '1', '1', '1', '2026-02-02T07:17:23.000Z', '1', NULL, '2', '2', '1');
INSERT INTO "company_modules" ("id", "company_id", "module_id", "is_enabled", "created_at", "country_id", "property_type_id", "premises_type_id", "area_id", "status_id") VALUES ('24', '1', '1', '1', '2026-02-02T07:28:17.000Z', '2', NULL, '1', '1', '1');
INSERT INTO "company_modules" ("id", "company_id", "module_id", "is_enabled", "created_at", "country_id", "property_type_id", "premises_type_id", "area_id", "status_id") VALUES ('25', '1', '1', '1', '2026-02-02T07:33:48.000Z', '1', '2', '1', '2', '1');
INSERT INTO "company_modules" ("id", "company_id", "module_id", "is_enabled", "created_at", "country_id", "property_type_id", "premises_type_id", "area_id", "status_id") VALUES ('26', '1', '5', '1', '2026-02-02T08:22:16.000Z', '2', NULL, '2', '2', '1');
INSERT INTO "company_modules" ("id", "company_id", "module_id", "is_enabled", "created_at", "country_id", "property_type_id", "premises_type_id", "area_id", "status_id") VALUES ('27', '1', '1', '1', '2026-02-02T08:59:23.000Z', NULL, NULL, NULL, NULL, '1');
INSERT INTO "company_modules" ("id", "company_id", "module_id", "is_enabled", "created_at", "country_id", "property_type_id", "premises_type_id", "area_id", "status_id") VALUES ('28', '1', '1', '1', '2026-02-02T09:01:51.000Z', '1', NULL, '2', '1', '1');
INSERT INTO "company_modules" ("id", "company_id", "module_id", "is_enabled", "created_at", "country_id", "property_type_id", "premises_type_id", "area_id", "status_id") VALUES ('29', '1', '5', '1', '2026-02-02T09:11:45.000Z', '1', NULL, '1', '2', '1');
INSERT INTO "company_modules" ("id", "company_id", "module_id", "is_enabled", "created_at", "country_id", "property_type_id", "premises_type_id", "area_id", "status_id") VALUES ('30', '1', '5', '1', '2026-02-02T12:34:48.000Z', '2', NULL, '1', '2', '1');
INSERT INTO "company_modules" ("id", "company_id", "module_id", "is_enabled", "created_at", "country_id", "property_type_id", "premises_type_id", "area_id", "status_id") VALUES ('31', '1', '1', '1', '2026-02-03T05:54:03.000Z', '1', '1', '1', '1', '1');
SELECT setval(pg_get_serial_sequence('"company_modules"', 'id'), COALESCE((SELECT MAX("id") FROM "company_modules"), 1));

-- Data for countries
INSERT INTO "countries" ("id", "country_name") VALUES ('2', 'India');
INSERT INTO "countries" ("id", "country_name") VALUES ('1', 'UAE');
SELECT setval(pg_get_serial_sequence('"countries"', 'id'), COALESCE((SELECT MAX("id") FROM "countries"), 1));

-- Data for departments
INSERT INTO "departments" ("id", "company_id", "name", "code") VALUES ('1', '1', 'IT Engineering', 'IT-ENG');
INSERT INTO "departments" ("id", "company_id", "name", "code") VALUES ('2', '1', 'Human Resources', 'HR');
INSERT INTO "departments" ("id", "company_id", "name", "code") VALUES ('3', '2', 'Electronics', 'ELEC');
SELECT setval(pg_get_serial_sequence('"departments"', 'id'), COALESCE((SELECT MAX("id") FROM "departments"), 1));

-- Data for employees
INSERT INTO "employees" ("id", "company_id", "department_id", "employee_id_card", "name", "email", "phone", "position") VALUES ('1', '1', '1', 'EMP001', 'John Doe', 'john@trakio.com', NULL, 'Senior Developer');
INSERT INTO "employees" ("id", "company_id", "department_id", "employee_id_card", "name", "email", "phone", "position") VALUES ('2', '1', '2', 'EMP002', 'Jane Smith', 'jane@trakio.com', NULL, 'HR Manager');
INSERT INTO "employees" ("id", "company_id", "department_id", "employee_id_card", "name", "email", "phone", "position") VALUES ('3', '2', '3', 'TS001', 'Bob Wilson', 'bob@techsol.com', NULL, 'Technician');
SELECT setval(pg_get_serial_sequence('"employees"', 'id'), COALESCE((SELECT MAX("id") FROM "employees"), 1));

-- Data for maintenance_tickets
INSERT INTO "maintenance_tickets" ("id", "company_id", "asset_id", "issue_description", "status", "priority", "cost", "scheduled_date", "completion_date", "performed_by", "notes", "created_at") VALUES ('1', '1', '1', 'Battery replacement', 'OPEN', 'MEDIUM', '0.00', '2026-02-14T20:00:00.000Z', NULL, NULL, NULL, '2026-01-23T11:34:16.000Z');
SELECT setval(pg_get_serial_sequence('"maintenance_tickets"', 'id'), COALESCE((SELECT MAX("id") FROM "maintenance_tickets"), 1));

-- Data for module_master
INSERT INTO "module_master" ("module_id", "module_name", "is_active", "created_at") VALUES ('1', 'Premises', '1', '2026-01-26T08:03:08.000Z');
INSERT INTO "module_master" ("module_id", "module_name", "is_active", "created_at") VALUES ('2', 'Assets', '1', '2026-01-26T08:03:08.000Z');
INSERT INTO "module_master" ("module_id", "module_name", "is_active", "created_at") VALUES ('3', 'Employees', '1', '2026-01-26T08:03:08.000Z');
INSERT INTO "module_master" ("module_id", "module_name", "is_active", "created_at") VALUES ('4', 'Maintenance', '1', '2026-01-26T08:03:08.000Z');
INSERT INTO "module_master" ("module_id", "module_name", "is_active", "created_at") VALUES ('5', 'Asset Categories', '1', '2026-01-26T10:27:07.000Z');
SELECT setval(pg_get_serial_sequence('"module_master"', 'module_id'), COALESCE((SELECT MAX("module_id") FROM "module_master"), 1));

-- Data for module_section_field_options
INSERT INTO "module_section_field_options" ("id", "field_id", "option_label", "option_value", "sort_order", "created_at") VALUES ('11', '58', 'Office ', 'O', '0', '2026-01-31T08:30:55.000Z');
INSERT INTO "module_section_field_options" ("id", "field_id", "option_label", "option_value", "sort_order", "created_at") VALUES ('12', '58', 'Warehouse', 'W', '1', '2026-01-31T08:30:55.000Z');
INSERT INTO "module_section_field_options" ("id", "field_id", "option_label", "option_value", "sort_order", "created_at") VALUES ('19', '61', 'Active', 'ACTIVE', '0', '2026-01-31T08:53:13.000Z');
INSERT INTO "module_section_field_options" ("id", "field_id", "option_label", "option_value", "sort_order", "created_at") VALUES ('20', '61', 'Closed', 'CLOSED', '1', '2026-01-31T08:53:13.000Z');
INSERT INTO "module_section_field_options" ("id", "field_id", "option_label", "option_value", "sort_order", "created_at") VALUES ('21', '61', 'Renovation', 'RENOVATION', '2', '2026-01-31T08:53:13.000Z');
INSERT INTO "module_section_field_options" ("id", "field_id", "option_label", "option_value", "sort_order", "created_at") VALUES ('22', '63', 'Occupied', 'OCCUPIED', '0', '2026-01-31T08:54:32.000Z');
INSERT INTO "module_section_field_options" ("id", "field_id", "option_label", "option_value", "sort_order", "created_at") VALUES ('23', '63', 'Partially', 'PARTIALLY', '1', '2026-01-31T08:54:32.000Z');
INSERT INTO "module_section_field_options" ("id", "field_id", "option_label", "option_value", "sort_order", "created_at") VALUES ('24', '63', 'Vacant', 'VACANT', '2', '2026-01-31T08:54:32.000Z');
INSERT INTO "module_section_field_options" ("id", "field_id", "option_label", "option_value", "sort_order", "created_at") VALUES ('25', '64', 'Abu Dhabi', 'abu_dhabi', '0', '2026-01-31T09:04:38.000Z');
INSERT INTO "module_section_field_options" ("id", "field_id", "option_label", "option_value", "sort_order", "created_at") VALUES ('26', '64', 'Dubai', 'dubai', '1', '2026-01-31T09:04:38.000Z');
INSERT INTO "module_section_field_options" ("id", "field_id", "option_label", "option_value", "sort_order", "created_at") VALUES ('27', '64', 'Sharjah', 'sharjah', '2', '2026-01-31T09:04:38.000Z');
INSERT INTO "module_section_field_options" ("id", "field_id", "option_label", "option_value", "sort_order", "created_at") VALUES ('28', '64', 'Ajman', 'ajman', '3', '2026-01-31T09:04:38.000Z');
INSERT INTO "module_section_field_options" ("id", "field_id", "option_label", "option_value", "sort_order", "created_at") VALUES ('29', '64', 'Umm Al Quwain', 'umm_al_quwain', '4', '2026-01-31T09:04:38.000Z');
INSERT INTO "module_section_field_options" ("id", "field_id", "option_label", "option_value", "sort_order", "created_at") VALUES ('30', '64', 'Ras Al Khaimah', 'ras_al_khaimah', '5', '2026-01-31T09:04:38.000Z');
INSERT INTO "module_section_field_options" ("id", "field_id", "option_label", "option_value", "sort_order", "created_at") VALUES ('31', '64', 'Fujairah', 'fujairah', '6', '2026-01-31T09:04:38.000Z');
INSERT INTO "module_section_field_options" ("id", "field_id", "option_label", "option_value", "sort_order", "created_at") VALUES ('32', '76', 'Yes', 'yes', '0', '2026-01-31T09:21:03.000Z');
INSERT INTO "module_section_field_options" ("id", "field_id", "option_label", "option_value", "sort_order", "created_at") VALUES ('33', '76', 'No', 'no', '1', '2026-01-31T09:21:03.000Z');
INSERT INTO "module_section_field_options" ("id", "field_id", "option_label", "option_value", "sort_order", "created_at") VALUES ('34', '80', 'Yes', 'yes', '0', '2026-01-31T09:21:03.000Z');
INSERT INTO "module_section_field_options" ("id", "field_id", "option_label", "option_value", "sort_order", "created_at") VALUES ('35', '82', 'Shell', 'shell', '0', '2026-01-31T09:21:03.000Z');
INSERT INTO "module_section_field_options" ("id", "field_id", "option_label", "option_value", "sort_order", "created_at") VALUES ('36', '81', 'Fiber', 'fiber', '0', '2026-01-31T09:21:03.000Z');
INSERT INTO "module_section_field_options" ("id", "field_id", "option_label", "option_value", "sort_order", "created_at") VALUES ('37', '80', 'No', 'no', '1', '2026-01-31T09:21:03.000Z');
INSERT INTO "module_section_field_options" ("id", "field_id", "option_label", "option_value", "sort_order", "created_at") VALUES ('38', '82', 'Core', 'core', '1', '2026-01-31T09:21:03.000Z');
INSERT INTO "module_section_field_options" ("id", "field_id", "option_label", "option_value", "sort_order", "created_at") VALUES ('39', '81', 'DSL', 'dsl', '1', '2026-01-31T09:21:03.000Z');
INSERT INTO "module_section_field_options" ("id", "field_id", "option_label", "option_value", "sort_order", "created_at") VALUES ('40', '83', 'Owned', 'owned', '0', '2026-01-31T09:21:03.000Z');
INSERT INTO "module_section_field_options" ("id", "field_id", "option_label", "option_value", "sort_order", "created_at") VALUES ('41', '82', 'Fitted', 'fitted', '2', '2026-01-31T09:21:03.000Z');
INSERT INTO "module_section_field_options" ("id", "field_id", "option_label", "option_value", "sort_order", "created_at") VALUES ('42', '83', 'Leased', 'leased', '1', '2026-01-31T09:21:03.000Z');
INSERT INTO "module_section_field_options" ("id", "field_id", "option_label", "option_value", "sort_order", "created_at") VALUES ('43', '82', 'Fully furnishe', 'fully_furnishe', '3', '2026-01-31T09:21:03.000Z');
INSERT INTO "module_section_field_options" ("id", "field_id", "option_label", "option_value", "sort_order", "created_at") VALUES ('44', '83', 'Mixed', 'mixed', '2', '2026-01-31T09:21:03.000Z');
INSERT INTO "module_section_field_options" ("id", "field_id", "option_label", "option_value", "sort_order", "created_at") VALUES ('45', '95', 'Building', 'building', '0', '2026-01-31T11:36:33.000Z');
INSERT INTO "module_section_field_options" ("id", "field_id", "option_label", "option_value", "sort_order", "created_at") VALUES ('46', '95', 'Contents', 'contents', '1', '2026-01-31T11:36:33.000Z');
INSERT INTO "module_section_field_options" ("id", "field_id", "option_label", "option_value", "sort_order", "created_at") VALUES ('47', '95', 'Liability', 'liability', '2', '2026-01-31T11:36:33.000Z');
SELECT setval(pg_get_serial_sequence('"module_section_field_options"', 'id'), COALESCE((SELECT MAX("id") FROM "module_section_field_options"), 1));

-- Data for module_section_fields
INSERT INTO "module_section_fields" ("id", "company_id", "module_id", "section_id", "field_key", "label", "field_type", "placeholder", "is_required", "is_active", "sort_order", "created_at", "updated_at") VALUES ('56', '1', '1', '48', 'premises_id', 'Premises ID', 'number', NULL, '1', '1', '1', '2026-01-31T08:27:17.000Z', '2026-01-31T08:29:12.000Z');
INSERT INTO "module_section_fields" ("id", "company_id", "module_id", "section_id", "field_key", "label", "field_type", "placeholder", "is_required", "is_active", "sort_order", "created_at", "updated_at") VALUES ('57', '1', '1', '48', 'premises_name', 'Premises Name', 'text', NULL, '1', '1', '1', '2026-01-31T08:29:30.000Z', '2026-01-31T08:29:30.000Z');
INSERT INTO "module_section_fields" ("id", "company_id", "module_id", "section_id", "field_key", "label", "field_type", "placeholder", "is_required", "is_active", "sort_order", "created_at", "updated_at") VALUES ('58', '1', '1', '48', 'premises_type_', 'Premises Type ', 'dropdown', NULL, '1', '1', '3', '2026-01-31T08:30:13.000Z', '2026-01-31T08:30:13.000Z');
INSERT INTO "module_section_fields" ("id", "company_id", "module_id", "section_id", "field_key", "label", "field_type", "placeholder", "is_required", "is_active", "sort_order", "created_at", "updated_at") VALUES ('59', '1', '1', '48', 'company___business_unit', 'Company / Business Unit', 'text', NULL, '1', '1', '4', '2026-01-31T08:31:11.000Z', '2026-01-31T08:31:11.000Z');
INSERT INTO "module_section_fields" ("id", "company_id", "module_id", "section_id", "field_key", "label", "field_type", "placeholder", "is_required", "is_active", "sort_order", "created_at", "updated_at") VALUES ('60', '1', '1', '48', 'department_s_', 'Department(s)', 'textarea', NULL, '1', '1', '5', '2026-01-31T08:32:00.000Z', '2026-01-31T08:32:00.000Z');
INSERT INTO "module_section_fields" ("id", "company_id", "module_id", "section_id", "field_key", "label", "field_type", "placeholder", "is_required", "is_active", "sort_order", "created_at", "updated_at") VALUES ('61', '1', '1', '48', 'status', 'Status', 'dropdown', NULL, '1', '1', '6', '2026-01-31T08:32:45.000Z', '2026-01-31T08:32:45.000Z');
INSERT INTO "module_section_fields" ("id", "company_id", "module_id", "section_id", "field_key", "label", "field_type", "placeholder", "is_required", "is_active", "sort_order", "created_at", "updated_at") VALUES ('62', '1', '1', '48', 'primary_contact', 'Primary Contact', 'text', NULL, '1', '1', '1', '2026-01-31T08:53:46.000Z', '2026-01-31T08:53:46.000Z');
INSERT INTO "module_section_fields" ("id", "company_id", "module_id", "section_id", "field_key", "label", "field_type", "placeholder", "is_required", "is_active", "sort_order", "created_at", "updated_at") VALUES ('63', '1', '1', '48', 'occupancy_status', 'Occupancy Status', 'dropdown', NULL, '1', '1', '8', '2026-01-31T08:54:32.000Z', '2026-01-31T08:54:32.000Z');
INSERT INTO "module_section_fields" ("id", "company_id", "module_id", "section_id", "field_key", "label", "field_type", "placeholder", "is_required", "is_active", "sort_order", "created_at", "updated_at") VALUES ('64', '1', '1', '38', 'emirate', 'Emirate', 'dropdown', NULL, '1', '1', '1', '2026-01-31T09:03:28.000Z', '2026-01-31T09:03:51.000Z');
INSERT INTO "module_section_fields" ("id", "company_id", "module_id", "section_id", "field_key", "label", "field_type", "placeholder", "is_required", "is_active", "sort_order", "created_at", "updated_at") VALUES ('65', '1', '1', '38', 'area_locality', 'Area/Locality', 'text', NULL, '1', '1', '2', '2026-01-31T09:05:14.000Z', '2026-01-31T09:05:14.000Z');
INSERT INTO "module_section_fields" ("id", "company_id", "module_id", "section_id", "field_key", "label", "field_type", "placeholder", "is_required", "is_active", "sort_order", "created_at", "updated_at") VALUES ('66', '1', '1', '38', 'building_name', 'Building Name', 'text', NULL, '1', '1', '3', '2026-01-31T09:06:53.000Z', '2026-01-31T09:06:53.000Z');
INSERT INTO "module_section_fields" ("id", "company_id", "module_id", "section_id", "field_key", "label", "field_type", "placeholder", "is_required", "is_active", "sort_order", "created_at", "updated_at") VALUES ('67', '1', '1', '38', 'office_unit_no_', 'Office/Unit No.', 'number', NULL, '1', '1', '4', '2026-01-31T09:06:53.000Z', '2026-01-31T09:06:53.000Z');
INSERT INTO "module_section_fields" ("id", "company_id", "module_id", "section_id", "field_key", "label", "field_type", "placeholder", "is_required", "is_active", "sort_order", "created_at", "updated_at") VALUES ('68', '1', '1', '38', 'floor', 'Floor', 'number', NULL, '1', '1', '5', '2026-01-31T09:06:53.000Z', '2026-01-31T09:06:53.000Z');
INSERT INTO "module_section_fields" ("id", "company_id", "module_id", "section_id", "field_key", "label", "field_type", "placeholder", "is_required", "is_active", "sort_order", "created_at", "updated_at") VALUES ('69', '1', '1', '38', 'makani_no', 'Makani No', 'number', NULL, '0', '1', '6', '2026-01-31T09:06:53.000Z', '2026-01-31T09:07:17.000Z');
INSERT INTO "module_section_fields" ("id", "company_id", "module_id", "section_id", "field_key", "label", "field_type", "placeholder", "is_required", "is_active", "sort_order", "created_at", "updated_at") VALUES ('70', '1', '1', '38', 'google_maps_link', 'Google Maps link', 'url', NULL, '0', '1', '9', '2026-01-31T09:09:20.000Z', '2026-01-31T09:09:20.000Z');
INSERT INTO "module_section_fields" ("id", "company_id", "module_id", "section_id", "field_key", "label", "field_type", "placeholder", "is_required", "is_active", "sort_order", "created_at", "updated_at") VALUES ('71', '1', '1', '38', 'access_notes', 'Access notes', 'text', NULL, '1', '1', '10', '2026-01-31T09:09:20.000Z', '2026-01-31T09:09:20.000Z');
INSERT INTO "module_section_fields" ("id", "company_id", "module_id", "section_id", "field_key", "label", "field_type", "placeholder", "is_required", "is_active", "sort_order", "created_at", "updated_at") VALUES ('72', '1', '1', '38', 'plot_parcel_no', 'Plot/Parcel No', 'number', NULL, '0', '1', '7', '2026-01-31T09:09:20.000Z', '2026-01-31T09:09:20.000Z');
INSERT INTO "module_section_fields" ("id", "company_id", "module_id", "section_id", "field_key", "label", "field_type", "placeholder", "is_required", "is_active", "sort_order", "created_at", "updated_at") VALUES ('73', '1', '1', '38', 'po_box', 'PO Box', 'text', NULL, '1', '1', '8', '2026-01-31T09:09:20.000Z', '2026-01-31T09:09:20.000Z');
INSERT INTO "module_section_fields" ("id", "company_id", "module_id", "section_id", "field_key", "label", "field_type", "placeholder", "is_required", "is_active", "sort_order", "created_at", "updated_at") VALUES ('74', '1', '1', '49', 'total_area', 'Total area', 'number', NULL, '1', '1', '1', '2026-01-31T09:21:03.000Z', '2026-01-31T09:21:03.000Z');
INSERT INTO "module_section_fields" ("id", "company_id", "module_id", "section_id", "field_key", "label", "field_type", "placeholder", "is_required", "is_active", "sort_order", "created_at", "updated_at") VALUES ('75', '1', '1', '49', 'seating_capacity', 'Seating capacity', 'number', NULL, '1', '1', '2', '2026-01-31T09:21:03.000Z', '2026-01-31T09:21:03.000Z');
INSERT INTO "module_section_fields" ("id", "company_id", "module_id", "section_id", "field_key", "label", "field_type", "placeholder", "is_required", "is_active", "sort_order", "created_at", "updated_at") VALUES ('76', '1', '1', '49', 'pantry_kitchen', 'Pantry/Kitchen', 'radio', NULL, '0', '1', '4', '2026-01-31T09:21:03.000Z', '2026-01-31T09:21:03.000Z');
INSERT INTO "module_section_fields" ("id", "company_id", "module_id", "section_id", "field_key", "label", "field_type", "placeholder", "is_required", "is_active", "sort_order", "created_at", "updated_at") VALUES ('77', '1', '1', '49', 'washrooms', 'Washrooms', 'number', NULL, '0', '1', '5', '2026-01-31T09:21:03.000Z', '2026-01-31T09:21:03.000Z');
INSERT INTO "module_section_fields" ("id", "company_id", "module_id", "section_id", "field_key", "label", "field_type", "placeholder", "is_required", "is_active", "sort_order", "created_at", "updated_at") VALUES ('78', '1', '1', '49', 'power_capacity__kw_kva_', 'Power capacity (kW/kVA)', 'number', NULL, '1', '1', '8', '2026-01-31T09:21:03.000Z', '2026-01-31T09:21:03.000Z');
INSERT INTO "module_section_fields" ("id", "company_id", "module_id", "section_id", "field_key", "label", "field_type", "placeholder", "is_required", "is_active", "sort_order", "created_at", "updated_at") VALUES ('79', '1', '1', '49', 'parking_slots', 'Parking slots', 'text', NULL, '0', '1', '9', '2026-01-31T09:21:03.000Z', '2026-01-31T09:21:03.000Z');
INSERT INTO "module_section_fields" ("id", "company_id", "module_id", "section_id", "field_key", "label", "field_type", "placeholder", "is_required", "is_active", "sort_order", "created_at", "updated_at") VALUES ('80', '1', '1', '49', 'reception', 'Reception', 'radio', NULL, '0', '1', '6', '2026-01-31T09:21:03.000Z', '2026-01-31T09:21:03.000Z');
INSERT INTO "module_section_fields" ("id", "company_id", "module_id", "section_id", "field_key", "label", "field_type", "placeholder", "is_required", "is_active", "sort_order", "created_at", "updated_at") VALUES ('81', '1', '1', '49', 'internet_type_', 'Internet type ', 'dropdown', NULL, '0', '1', '7', '2026-01-31T09:21:03.000Z', '2026-01-31T09:21:03.000Z');
INSERT INTO "module_section_fields" ("id", "company_id", "module_id", "section_id", "field_key", "label", "field_type", "placeholder", "is_required", "is_active", "sort_order", "created_at", "updated_at") VALUES ('82', '1', '1', '49', 'fit_out_level', 'Fit-out Level', 'dropdown', NULL, '0', '1', '10', '2026-01-31T09:21:03.000Z', '2026-01-31T09:21:03.000Z');
INSERT INTO "module_section_fields" ("id", "company_id", "module_id", "section_id", "field_key", "label", "field_type", "placeholder", "is_required", "is_active", "sort_order", "created_at", "updated_at") VALUES ('83', '1', '1', '49', 'furniture_ownership', 'Furniture ownership', 'dropdown', NULL, '1', '1', '11', '2026-01-31T09:21:03.000Z', '2026-01-31T09:21:03.000Z');
INSERT INTO "module_section_fields" ("id", "company_id", "module_id", "section_id", "field_key", "label", "field_type", "placeholder", "is_required", "is_active", "sort_order", "created_at", "updated_at") VALUES ('84', '1', '1', '49', 'meeting_rooms_', 'Meeting rooms ', 'number', NULL, '0', '1', '3', '2026-01-31T09:21:03.000Z', '2026-01-31T09:21:03.000Z');
INSERT INTO "module_section_fields" ("id", "company_id", "module_id", "section_id", "field_key", "label", "field_type", "placeholder", "is_required", "is_active", "sort_order", "created_at", "updated_at") VALUES ('85', '1', '1', '50', 'owner_legal_entity', 'Owner legal entity', 'text', NULL, '1', '1', '1', '2026-01-31T09:25:17.000Z', '2026-01-31T09:25:17.000Z');
INSERT INTO "module_section_fields" ("id", "company_id", "module_id", "section_id", "field_key", "label", "field_type", "placeholder", "is_required", "is_active", "sort_order", "created_at", "updated_at") VALUES ('86', '1', '1', '50', 'purchase_value_', 'Purchase value ', 'text', NULL, '0', '1', '4', '2026-01-31T09:25:17.000Z', '2026-01-31T09:25:17.000Z');
INSERT INTO "module_section_fields" ("id", "company_id", "module_id", "section_id", "field_key", "label", "field_type", "placeholder", "is_required", "is_active", "sort_order", "created_at", "updated_at") VALUES ('87', '1', '1', '50', 'title_deed_no', 'Title Deed no', 'number', NULL, '1', '1', '2', '2026-01-31T09:25:17.000Z', '2026-01-31T09:25:17.000Z');
INSERT INTO "module_section_fields" ("id", "company_id", "module_id", "section_id", "field_key", "label", "field_type", "placeholder", "is_required", "is_active", "sort_order", "created_at", "updated_at") VALUES ('88', '1', '1', '50', 'purchase_date', 'Purchase Date', 'number', NULL, '1', '1', '3', '2026-01-31T09:25:17.000Z', '2026-01-31T10:08:09.000Z');
INSERT INTO "module_section_fields" ("id", "company_id", "module_id", "section_id", "field_key", "label", "field_type", "placeholder", "is_required", "is_active", "sort_order", "created_at", "updated_at") VALUES ('89', '1', '1', '48', 'password', 'Password', 'text', NULL, '1', '1', '1', '2026-01-31T10:33:57.000Z', '2026-01-31T10:33:57.000Z');
INSERT INTO "module_section_fields" ("id", "company_id", "module_id", "section_id", "field_key", "label", "field_type", "placeholder", "is_required", "is_active", "sort_order", "created_at", "updated_at") VALUES ('90', '1', '1', '50', 'test_label', 'test label', 'text', NULL, '0', '1', '1', '2026-01-31T10:54:54.000Z', '2026-01-31T10:54:54.000Z');
INSERT INTO "module_section_fields" ("id", "company_id", "module_id", "section_id", "field_key", "label", "field_type", "placeholder", "is_required", "is_active", "sort_order", "created_at", "updated_at") VALUES ('91', '1', '1', '50', 'mortgage_lien', 'Mortgage/lien', 'text', NULL, '1', '1', '1', '2026-01-31T11:33:41.000Z', '2026-01-31T11:33:41.000Z');
INSERT INTO "module_section_fields" ("id", "company_id", "module_id", "section_id", "field_key", "label", "field_type", "placeholder", "is_required", "is_active", "sort_order", "created_at", "updated_at") VALUES ('92', '1', '1', '50', 'depreciation_method_', 'Depreciation method ', 'text', NULL, '1', '1', '7', '2026-01-31T11:34:26.000Z', '2026-01-31T11:34:26.000Z');
INSERT INTO "module_section_fields" ("id", "company_id", "module_id", "section_id", "field_key", "label", "field_type", "placeholder", "is_required", "is_active", "sort_order", "created_at", "updated_at") VALUES ('93', '1', '1', '50', 'asset_capitalization_id', 'Asset capitalization ID', 'number', NULL, '1', '1', '8', '2026-01-31T11:34:26.000Z', '2026-01-31T11:34:26.000Z');
INSERT INTO "module_section_fields" ("id", "company_id", "module_id", "section_id", "field_key", "label", "field_type", "placeholder", "is_required", "is_active", "sort_order", "created_at", "updated_at") VALUES ('94', '1', '1', '50', 'insurance', 'Insurance', 'file', NULL, '1', '1', '9', '2026-01-31T11:35:15.000Z', '2026-01-31T11:35:15.000Z');
INSERT INTO "module_section_fields" ("id", "company_id", "module_id", "section_id", "field_key", "label", "field_type", "placeholder", "is_required", "is_active", "sort_order", "created_at", "updated_at") VALUES ('95', '1', '1', '50', 'insurance_coverage_type', 'Insurance Coverage Type', 'dropdown', NULL, '1', '1', '10', '2026-01-31T11:36:33.000Z', '2026-01-31T11:36:33.000Z');
INSERT INTO "module_section_fields" ("id", "company_id", "module_id", "section_id", "field_key", "label", "field_type", "placeholder", "is_required", "is_active", "sort_order", "created_at", "updated_at") VALUES ('96', '1', '1', '51', 'civil_defense_certificate_no_', 'Civil Defense certificate no.', 'number', NULL, '1', '1', '11', '2026-01-31T11:36:54.000Z', '2026-01-31T11:36:54.000Z');
INSERT INTO "module_section_fields" ("id", "company_id", "module_id", "section_id", "field_key", "label", "field_type", "placeholder", "is_required", "is_active", "sort_order", "created_at", "updated_at") VALUES ('97', '1', '1', '51', 'building_management_approvals', 'Building Management Approvals', 'file', NULL, '1', '1', '2', '2026-01-31T11:37:30.000Z', '2026-01-31T11:37:30.000Z');
INSERT INTO "module_section_fields" ("id", "company_id", "module_id", "section_id", "field_key", "label", "field_type", "placeholder", "is_required", "is_active", "sort_order", "created_at", "updated_at") VALUES ('98', '1', '1', '51', 'health___safety_inspection_schedule', 'Health & Safety inspection schedule', 'text', NULL, '0', '1', '3', '2026-01-31T11:37:48.000Z', '2026-01-31T11:37:48.000Z');
INSERT INTO "module_section_fields" ("id", "company_id", "module_id", "section_id", "field_key", "label", "field_type", "placeholder", "is_required", "is_active", "sort_order", "created_at", "updated_at") VALUES ('99', '1', '1', '42', 'electricity_provider', 'Electricity Provider', 'text', NULL, '1', '1', '4', '2026-01-31T11:39:45.000Z', '2026-01-31T11:39:45.000Z');
INSERT INTO "module_section_fields" ("id", "company_id", "module_id", "section_id", "field_key", "label", "field_type", "placeholder", "is_required", "is_active", "sort_order", "created_at", "updated_at") VALUES ('100', '1', '1', '42', 'water_account_no', 'Water Account no', 'text', NULL, '1', '1', '2', '2026-01-31T11:39:45.000Z', '2026-01-31T11:39:45.000Z');
INSERT INTO "module_section_fields" ("id", "company_id", "module_id", "section_id", "field_key", "label", "field_type", "placeholder", "is_required", "is_active", "sort_order", "created_at", "updated_at") VALUES ('101', '1', '1', '42', 'chiller_district_cooling', 'Chiller/District Cooling', 'text', NULL, '0', '1', '3', '2026-01-31T11:39:45.000Z', '2026-01-31T11:39:45.000Z');
INSERT INTO "module_section_fields" ("id", "company_id", "module_id", "section_id", "field_key", "label", "field_type", "placeholder", "is_required", "is_active", "sort_order", "created_at", "updated_at") VALUES ('102', '1', '1', '42', 'internet_provider', 'Internet provider', 'text', NULL, '0', '1', '4', '2026-01-31T11:40:01.000Z', '2026-01-31T11:40:01.000Z');
INSERT INTO "module_section_fields" ("id", "company_id", "module_id", "section_id", "field_key", "label", "field_type", "placeholder", "is_required", "is_active", "sort_order", "created_at", "updated_at") VALUES ('103', '1', '1', '42', 'service_contracts', 'Service Contracts', 'text', NULL, '1', '1', '5', '2026-01-31T11:40:24.000Z', '2026-01-31T11:40:24.000Z');
INSERT INTO "module_section_fields" ("id", "company_id", "module_id", "section_id", "field_key", "label", "field_type", "placeholder", "is_required", "is_active", "sort_order", "created_at", "updated_at") VALUES ('104', '1', '5', '52', 'test', 'test', 'text', NULL, '0', '1', '1', '2026-01-31T13:29:48.000Z', '2026-01-31T13:29:48.000Z');
INSERT INTO "module_section_fields" ("id", "company_id", "module_id", "section_id", "field_key", "label", "field_type", "placeholder", "is_required", "is_active", "sort_order", "created_at", "updated_at") VALUES ('105', '1', '5', '53', 'asset_name_', 'Asset name ', 'text', NULL, '0', '1', '1', '2026-02-02T09:11:08.000Z', '2026-02-02T09:11:08.000Z');
INSERT INTO "module_section_fields" ("id", "company_id", "module_id", "section_id", "field_key", "label", "field_type", "placeholder", "is_required", "is_active", "sort_order", "created_at", "updated_at") VALUES ('106', '1', '1', '48', 'primices_availabilty', 'primices availabilty', 'text', NULL, '1', '1', '1', '2026-02-02T13:14:42.000Z', '2026-02-02T13:14:42.000Z');
INSERT INTO "module_section_fields" ("id", "company_id", "module_id", "section_id", "field_key", "label", "field_type", "placeholder", "is_required", "is_active", "sort_order", "created_at", "updated_at") VALUES ('107', '1', '1', '48', 'test_primices', 'test primices', 'text', NULL, '1', '1', '1', '2026-02-03T07:21:08.000Z', '2026-02-03T07:21:08.000Z');
INSERT INTO "module_section_fields" ("id", "company_id", "module_id", "section_id", "field_key", "label", "field_type", "placeholder", "is_required", "is_active", "sort_order", "created_at", "updated_at") VALUES ('108', '1', '1', '50', 'legal_property', 'Legal Property', 'file', NULL, '0', '1', '1', '2026-02-03T07:50:09.000Z', '2026-02-03T07:50:09.000Z');
SELECT setval(pg_get_serial_sequence('"module_section_fields"', 'id'), COALESCE((SELECT MAX("id") FROM "module_section_fields"), 1));

-- Data for module_sections
INSERT INTO "module_sections" ("id", "company_id", "module_id", "name", "sort_order", "created_at", "updated_at") VALUES ('38', '1', '1', 'UAE Address & Location', '1', '2026-01-30T07:36:51.000Z', '2026-01-30T07:37:03.000Z');
INSERT INTO "module_sections" ("id", "company_id", "module_id", "name", "sort_order", "created_at", "updated_at") VALUES ('42', '1', '1', 'Utilities & Contracts', '5', '2026-01-30T07:38:07.000Z', '2026-01-31T09:12:55.000Z');
INSERT INTO "module_sections" ("id", "company_id", "module_id", "name", "sort_order", "created_at", "updated_at") VALUES ('48', '1', '1', 'Core Identity', '0', '2026-01-31T08:26:53.000Z', '2026-01-31T08:26:53.000Z');
INSERT INTO "module_sections" ("id", "company_id", "module_id", "name", "sort_order", "created_at", "updated_at") VALUES ('49', '1', '1', 'Office Specification', '2', '2026-01-31T09:10:18.000Z', '2026-01-31T09:11:08.000Z');
INSERT INTO "module_sections" ("id", "company_id", "module_id", "name", "sort_order", "created_at", "updated_at") VALUES ('50', '1', '1', 'Owned Legal & Finance', '3', '2026-01-31T09:11:39.000Z', '2026-01-31T09:11:39.000Z');
INSERT INTO "module_sections" ("id", "company_id", "module_id", "name", "sort_order", "created_at", "updated_at") VALUES ('51', '1', '1', 'Compliance', '4', '2026-01-31T09:12:20.000Z', '2026-01-31T09:12:20.000Z');
INSERT INTO "module_sections" ("id", "company_id", "module_id", "name", "sort_order", "created_at", "updated_at") VALUES ('52', '1', '5', 'Asset type', '0', '2026-01-31T13:29:43.000Z', '2026-01-31T13:29:43.000Z');
INSERT INTO "module_sections" ("id", "company_id", "module_id", "name", "sort_order", "created_at", "updated_at") VALUES ('53', '1', '5', 'Asset flow', '0', '2026-02-02T09:10:46.000Z', '2026-02-02T09:10:46.000Z');
SELECT setval(pg_get_serial_sequence('"module_sections"', 'id'), COALESCE((SELECT MAX("id") FROM "module_sections"), 1));

-- Data for modules
INSERT INTO "modules" ("id", "company_id", "module_key", "name", "description", "status", "created_at", "updated_at") VALUES ('1', '1', 'premises', 'Premises', 'Configure office/warehouse premises, identity, specs, lease/legal, utilities, docs', 'ACTIVE', '2026-01-26T07:24:43.000Z', '2026-01-26T07:24:43.000Z');
INSERT INTO "modules" ("id", "company_id", "module_key", "name", "description", "status", "created_at", "updated_at") VALUES ('2', '1', 'asset_categories', 'Asset_categories', 'Custom module', 'ACTIVE', '2026-01-26T07:26:41.000Z', '2026-01-26T07:26:41.000Z');
INSERT INTO "modules" ("id", "company_id", "module_key", "name", "description", "status", "created_at", "updated_at") VALUES ('3', '1', 'employees', 'Employees', 'Employee directory and role assignment', 'ACTIVE', '2026-01-26T07:28:34.000Z', '2026-01-26T07:28:34.000Z');
INSERT INTO "modules" ("id", "company_id", "module_key", "name", "description", "status", "created_at", "updated_at") VALUES ('4', '1', 'assets', 'Assets', 'Track company assets, assignment, and lifecycle', 'ACTIVE', '2026-01-26T07:29:33.000Z', '2026-01-26T07:29:33.000Z');
INSERT INTO "modules" ("id", "company_id", "module_key", "name", "description", "status", "created_at", "updated_at") VALUES ('5', '1', 'maintenance', 'Maintenance', 'Custom module', 'ACTIVE', '2026-01-26T07:58:46.000Z', '2026-01-26T07:58:46.000Z');
SELECT setval(pg_get_serial_sequence('"modules"', 'id'), COALESCE((SELECT MAX("id") FROM "modules"), 1));

-- Data for modules_master
INSERT INTO "modules_master" ("id", "module_key", "name", "description", "icon") VALUES ('1', 'dashboard', 'Dashboard', 'Overview of all assets and activities', 'dashboard');
INSERT INTO "modules_master" ("id", "module_key", "name", "description", "icon") VALUES ('2', 'assets', 'Asset Management', 'Manage and track company assets', 'inventory');
INSERT INTO "modules_master" ("id", "module_key", "name", "description", "icon") VALUES ('3', 'departments', 'Departments', 'Manage company departments', 'business');
INSERT INTO "modules_master" ("id", "module_key", "name", "description", "icon") VALUES ('4', 'employees', 'Employee Directory', 'Manage employees and their assignments', 'people');
INSERT INTO "modules_master" ("id", "module_key", "name", "description", "icon") VALUES ('5', 'categories', 'Asset Categories', 'Define types of assets', 'category');
INSERT INTO "modules_master" ("id", "module_key", "name", "description", "icon") VALUES ('6', 'requests', 'Asset Requests', 'Handle employee asset requests', 'assignment');
INSERT INTO "modules_master" ("id", "module_key", "name", "description", "icon") VALUES ('7', 'maintenance', 'Maintenance', 'Schedule and track asset maintenance', 'build');
INSERT INTO "modules_master" ("id", "module_key", "name", "description", "icon") VALUES ('8', 'reports', 'Reports', 'Generate and export asset reports', 'bar-chart');
INSERT INTO "modules_master" ("id", "module_key", "name", "description", "icon") VALUES ('9', 'settings', 'Settings', 'Company and user configuration', 'settings');
SELECT setval(pg_get_serial_sequence('"modules_master"', 'id'), COALESCE((SELECT MAX("id") FROM "modules_master"), 1));

-- Data for office_owned_details
INSERT INTO "office_owned_details" ("premise_id", "buy_date", "purchase_value", "property_size_sqft", "title_deed_ref", "owner_name", "renewal_required", "renewal_date", "insurance_required", "insurance_expiry", "notes", "floors_count", "depreciation_rate", "electricity_available", "water_available", "internet_available", "ownership_type", "vendor_name", "warranty_end_date", "property_tax_id", "depreciation_percent") VALUES ('35', '2026-02-01T20:00:00.000Z', '0.00', '0.00', NULL, NULL, '0', NULL, '0', NULL, NULL, '0', '0.00', '0', '0', '0', NULL, NULL, NULL, NULL, NULL);

-- Data for office_premises
INSERT INTO "office_premises" ("premise_id", "company_id", "premise_type", "premises_name", "building_name", "premises_use", "country", "area_id", "company_module_id", "city", "full_address", "location_notes", "status", "created_at", "updated_at", "document_name", "document_path", "document_mime", "google_map_url", "capacity", "address_line2", "landmark", "address_line1", "location_lat", "location_lng", "area_sqft", "floors", "parking_available", "parking_area") VALUES ('35', '1', 'OWNED', 'Nuroil', 'Al mulla Tower', 'OFFICE', 'India', '2', '27', 'Unknown', 'Address not provided', NULL, 'ACTIVE', '2026-02-02T12:22:48.000Z', '2026-02-02T12:22:48.000Z', NULL, NULL, NULL, NULL, '0', NULL, NULL, NULL, NULL, NULL, NULL, NULL, '0', NULL);
INSERT INTO "office_premises" ("premise_id", "company_id", "premise_type", "premises_name", "building_name", "premises_use", "country", "area_id", "company_module_id", "city", "full_address", "location_notes", "status", "created_at", "updated_at", "document_name", "document_path", "document_mime", "google_map_url", "capacity", "address_line2", "landmark", "address_line1", "location_lat", "location_lng", "area_sqft", "floors", "parking_available", "parking_area") VALUES ('38', '1', 'OWNED', 'test', 'N/A', 'OFFICE', 'India', '2', '27', 'Unknown', 'Address not provided', NULL, 'ACTIVE', '2026-02-03T08:32:06.000Z', '2026-02-03T08:32:06.000Z', NULL, NULL, NULL, NULL, '0', NULL, NULL, NULL, NULL, NULL, NULL, NULL, '0', NULL);
INSERT INTO "office_premises" ("premise_id", "company_id", "premise_type", "premises_name", "building_name", "premises_use", "country", "area_id", "company_module_id", "city", "full_address", "location_notes", "status", "created_at", "updated_at", "document_name", "document_path", "document_mime", "google_map_url", "capacity", "address_line2", "landmark", "address_line1", "location_lat", "location_lng", "area_sqft", "floors", "parking_available", "parking_area") VALUES ('39', '1', 'OWNED', 'Nuragro', 'N/A', 'OFFICE', 'India', '2', '27', 'Unknown', 'Address not provided', NULL, 'ACTIVE', '2026-02-03T08:43:51.000Z', '2026-02-03T08:43:51.000Z', NULL, NULL, NULL, NULL, '0', NULL, NULL, NULL, NULL, NULL, NULL, NULL, '0', NULL);
INSERT INTO "office_premises" ("premise_id", "company_id", "premise_type", "premises_name", "building_name", "premises_use", "country", "area_id", "company_module_id", "city", "full_address", "location_notes", "status", "created_at", "updated_at", "document_name", "document_path", "document_mime", "google_map_url", "capacity", "address_line2", "landmark", "address_line1", "location_lat", "location_lng", "area_sqft", "floors", "parking_available", "parking_area") VALUES ('40', '1', 'RENTAL', 'Beram', 'N/A', 'WAREHOUSE', 'UAE', '2', '27', 'Unknown', 'Address not provided', NULL, 'ACTIVE', '2026-02-03T08:52:59.000Z', '2026-02-03T08:52:59.000Z', NULL, NULL, NULL, NULL, '0', NULL, NULL, NULL, NULL, NULL, NULL, NULL, '0', NULL);
SELECT setval(pg_get_serial_sequence('"office_premises"', 'premise_id'), COALESCE((SELECT MAX("premise_id") FROM "office_premises"), 1));

-- Data for office_premises_documents
INSERT INTO "office_premises_documents" ("doc_id", "company_id", "premise_id", "file_name", "file_path", "mime_type", "uploaded_at") VALUES ('1', '1', '21', 'Title_Deed.pdf', '/uploads/seed/title_deed_hq.pdf', 'application/pdf', '2026-01-24T12:08:42.000Z');
INSERT INTO "office_premises_documents" ("doc_id", "company_id", "premise_id", "file_name", "file_path", "mime_type", "uploaded_at") VALUES ('2', '1', '24', 'Title_Deed.pdf', '/uploads/seed/title_deed_hq.pdf', 'application/pdf', '2026-01-24T12:09:17.000Z');
SELECT setval(pg_get_serial_sequence('"office_premises_documents"', 'doc_id'), COALESCE((SELECT MAX("doc_id") FROM "office_premises_documents"), 1));

-- Data for office_premises_utilities
INSERT INTO "office_premises_utilities" ("premise_id", "company_id", "electricity_no", "water_no", "internet_provider", "utility_notes") VALUES ('21', '1', 'DEWA-123456', 'DEWA-789012', 'Etisalat', 'Fiber connection active');
INSERT INTO "office_premises_utilities" ("premise_id", "company_id", "electricity_no", "water_no", "internet_provider", "utility_notes") VALUES ('24', '1', 'DEWA-123456', 'DEWA-789012', 'Etisalat', 'Fiber connection active');
INSERT INTO "office_premises_utilities" ("premise_id", "company_id", "electricity_no", "water_no", "internet_provider", "utility_notes") VALUES ('26', '1', 'ADDC-998877', NULL, NULL, NULL);
INSERT INTO "office_premises_utilities" ("premise_id", "company_id", "electricity_no", "water_no", "internet_provider", "utility_notes") VALUES ('34', '1', NULL, NULL, NULL, NULL);

-- Data for premises_module_details
INSERT INTO "premises_module_details" ("id", "premise_id", "company_id", "field_key", "field_value", "created_at", "updated_at") VALUES ('1', '33', '1', 'premises_id', 'ppp', '2026-01-31T11:18:00.000Z', '2026-01-31T11:18:00.000Z');
INSERT INTO "premises_module_details" ("id", "premise_id", "company_id", "field_key", "field_value", "created_at", "updated_at") VALUES ('2', '33', '1', 'primary_contact', 'pp', '2026-01-31T11:18:00.000Z', '2026-01-31T11:18:00.000Z');
INSERT INTO "premises_module_details" ("id", "premise_id", "company_id", "field_key", "field_value", "created_at", "updated_at") VALUES ('3', '33', '1', 'password', 'pp', '2026-01-31T11:18:00.000Z', '2026-01-31T11:18:00.000Z');
INSERT INTO "premises_module_details" ("id", "premise_id", "company_id", "field_key", "field_value", "created_at", "updated_at") VALUES ('4', '33', '1', 'premises_type_', 'W', '2026-01-31T11:18:00.000Z', '2026-01-31T11:18:00.000Z');
INSERT INTO "premises_module_details" ("id", "premise_id", "company_id", "field_key", "field_value", "created_at", "updated_at") VALUES ('5', '33', '1', 'company___business_unit', 'ppp', '2026-01-31T11:18:00.000Z', '2026-01-31T11:18:00.000Z');
INSERT INTO "premises_module_details" ("id", "premise_id", "company_id", "field_key", "field_value", "created_at", "updated_at") VALUES ('6', '33', '1', 'department_s_', 'ppp', '2026-01-31T11:18:00.000Z', '2026-01-31T11:18:00.000Z');
INSERT INTO "premises_module_details" ("id", "premise_id", "company_id", "field_key", "field_value", "created_at", "updated_at") VALUES ('7', '33', '1', 'occupancy_status', 'OCCUPIED', '2026-01-31T11:18:00.000Z', '2026-01-31T11:18:00.000Z');
INSERT INTO "premises_module_details" ("id", "premise_id", "company_id", "field_key", "field_value", "created_at", "updated_at") VALUES ('8', '33', '1', 'floor', 'pp', '2026-01-31T11:18:00.000Z', '2026-01-31T11:18:00.000Z');
INSERT INTO "premises_module_details" ("id", "premise_id", "company_id", "field_key", "field_value", "created_at", "updated_at") VALUES ('9', '33', '1', 'makani_no', 'pp', '2026-01-31T11:18:00.000Z', '2026-01-31T11:18:00.000Z');
INSERT INTO "premises_module_details" ("id", "premise_id", "company_id", "field_key", "field_value", "created_at", "updated_at") VALUES ('10', '33', '1', 'plot_parcel_no', 'pp', '2026-01-31T11:18:00.000Z', '2026-01-31T11:18:00.000Z');
INSERT INTO "premises_module_details" ("id", "premise_id", "company_id", "field_key", "field_value", "created_at", "updated_at") VALUES ('11', '33', '1', 'po_box', 'pp', '2026-01-31T11:18:00.000Z', '2026-01-31T11:18:00.000Z');
INSERT INTO "premises_module_details" ("id", "premise_id", "company_id", "field_key", "field_value", "created_at", "updated_at") VALUES ('12', '33', '1', 'google_maps_link', 'pp', '2026-01-31T11:18:00.000Z', '2026-01-31T11:18:00.000Z');
INSERT INTO "premises_module_details" ("id", "premise_id", "company_id", "field_key", "field_value", "created_at", "updated_at") VALUES ('13', '33', '1', 'access_notes', 'pp', '2026-01-31T11:18:00.000Z', '2026-01-31T11:18:00.000Z');
INSERT INTO "premises_module_details" ("id", "premise_id", "company_id", "field_key", "field_value", "created_at", "updated_at") VALUES ('14', '33', '1', 'washrooms', 'ppp', '2026-01-31T11:18:00.000Z', '2026-01-31T11:18:00.000Z');
INSERT INTO "premises_module_details" ("id", "premise_id", "company_id", "field_key", "field_value", "created_at", "updated_at") VALUES ('15', '33', '1', 'reception', 'yes', '2026-01-31T11:18:00.000Z', '2026-01-31T11:18:00.000Z');
INSERT INTO "premises_module_details" ("id", "premise_id", "company_id", "field_key", "field_value", "created_at", "updated_at") VALUES ('16', '33', '1', 'internet_type_', 'dsl', '2026-01-31T11:18:00.000Z', '2026-01-31T11:18:00.000Z');
INSERT INTO "premises_module_details" ("id", "premise_id", "company_id", "field_key", "field_value", "created_at", "updated_at") VALUES ('17', '33', '1', 'power_capacity__kw_kva_', 'pp', '2026-01-31T11:18:00.000Z', '2026-01-31T11:18:00.000Z');
INSERT INTO "premises_module_details" ("id", "premise_id", "company_id", "field_key", "field_value", "created_at", "updated_at") VALUES ('18', '33', '1', 'parking_slots', 'ppp', '2026-01-31T11:18:00.000Z', '2026-01-31T11:18:00.000Z');
INSERT INTO "premises_module_details" ("id", "premise_id", "company_id", "field_key", "field_value", "created_at", "updated_at") VALUES ('19', '33', '1', 'fit_out_level', 'shell', '2026-01-31T11:18:00.000Z', '2026-01-31T11:18:00.000Z');
INSERT INTO "premises_module_details" ("id", "premise_id", "company_id", "field_key", "field_value", "created_at", "updated_at") VALUES ('20', '33', '1', 'furniture_ownership', 'owned', '2026-01-31T11:18:00.000Z', '2026-01-31T11:18:00.000Z');
INSERT INTO "premises_module_details" ("id", "premise_id", "company_id", "field_key", "field_value", "created_at", "updated_at") VALUES ('21', '33', '1', 'owner_legal_entity', 'pp', '2026-01-31T11:18:00.000Z', '2026-01-31T11:18:00.000Z');
INSERT INTO "premises_module_details" ("id", "premise_id", "company_id", "field_key", "field_value", "created_at", "updated_at") VALUES ('22', '33', '1', 'test_label', 'pp', '2026-01-31T11:18:00.000Z', '2026-01-31T11:18:00.000Z');
INSERT INTO "premises_module_details" ("id", "premise_id", "company_id", "field_key", "field_value", "created_at", "updated_at") VALUES ('23', '33', '1', 'title_deed_no', 'pp', '2026-01-31T11:18:00.000Z', '2026-01-31T11:18:00.000Z');
INSERT INTO "premises_module_details" ("id", "premise_id", "company_id", "field_key", "field_value", "created_at", "updated_at") VALUES ('24', '33', '1', 'purchase_date', 'pp', '2026-01-31T11:18:00.000Z', '2026-01-31T11:18:00.000Z');
INSERT INTO "premises_module_details" ("id", "premise_id", "company_id", "field_key", "field_value", "created_at", "updated_at") VALUES ('25', '33', '1', 'purchase_value_', 'ppp', '2026-01-31T11:18:00.000Z', '2026-01-31T11:18:00.000Z');
INSERT INTO "premises_module_details" ("id", "premise_id", "company_id", "field_key", "field_value", "created_at", "updated_at") VALUES ('26', '34', '1', 'premises_id', 'ppp', '2026-02-02T11:01:31.000Z', '2026-02-02T11:01:31.000Z');
INSERT INTO "premises_module_details" ("id", "premise_id", "company_id", "field_key", "field_value", "created_at", "updated_at") VALUES ('27', '34', '1', 'primary_contact', 'pp', '2026-02-02T11:01:31.000Z', '2026-02-02T11:01:31.000Z');
INSERT INTO "premises_module_details" ("id", "premise_id", "company_id", "field_key", "field_value", "created_at", "updated_at") VALUES ('28', '34', '1', 'password', 'pp', '2026-02-02T11:01:31.000Z', '2026-02-02T11:01:31.000Z');
INSERT INTO "premises_module_details" ("id", "premise_id", "company_id", "field_key", "field_value", "created_at", "updated_at") VALUES ('29', '34', '1', 'premises_type_', 'W', '2026-02-02T11:01:31.000Z', '2026-02-02T11:01:31.000Z');
INSERT INTO "premises_module_details" ("id", "premise_id", "company_id", "field_key", "field_value", "created_at", "updated_at") VALUES ('30', '34', '1', 'company___business_unit', 'ppp', '2026-02-02T11:01:31.000Z', '2026-02-02T11:01:31.000Z');
INSERT INTO "premises_module_details" ("id", "premise_id", "company_id", "field_key", "field_value", "created_at", "updated_at") VALUES ('31', '34', '1', 'department_s_', 'ppp', '2026-02-02T11:01:31.000Z', '2026-02-02T11:01:31.000Z');
INSERT INTO "premises_module_details" ("id", "premise_id", "company_id", "field_key", "field_value", "created_at", "updated_at") VALUES ('32', '34', '1', 'occupancy_status', 'OCCUPIED', '2026-02-02T11:01:31.000Z', '2026-02-02T11:01:31.000Z');
INSERT INTO "premises_module_details" ("id", "premise_id", "company_id", "field_key", "field_value", "created_at", "updated_at") VALUES ('33', '34', '1', 'floor', 'pp', '2026-02-02T11:01:31.000Z', '2026-02-02T11:01:31.000Z');
INSERT INTO "premises_module_details" ("id", "premise_id", "company_id", "field_key", "field_value", "created_at", "updated_at") VALUES ('34', '34', '1', 'makani_no', 'pp', '2026-02-02T11:01:31.000Z', '2026-02-02T11:01:31.000Z');
INSERT INTO "premises_module_details" ("id", "premise_id", "company_id", "field_key", "field_value", "created_at", "updated_at") VALUES ('35', '34', '1', 'plot_parcel_no', 'pp', '2026-02-02T11:01:31.000Z', '2026-02-02T11:01:31.000Z');
INSERT INTO "premises_module_details" ("id", "premise_id", "company_id", "field_key", "field_value", "created_at", "updated_at") VALUES ('36', '34', '1', 'po_box', 'pp', '2026-02-02T11:01:31.000Z', '2026-02-02T11:01:31.000Z');
INSERT INTO "premises_module_details" ("id", "premise_id", "company_id", "field_key", "field_value", "created_at", "updated_at") VALUES ('37', '34', '1', 'google_maps_link', 'pp', '2026-02-02T11:01:31.000Z', '2026-02-02T11:01:31.000Z');
INSERT INTO "premises_module_details" ("id", "premise_id", "company_id", "field_key", "field_value", "created_at", "updated_at") VALUES ('38', '34', '1', 'access_notes', 'pp', '2026-02-02T11:01:31.000Z', '2026-02-02T11:01:31.000Z');
INSERT INTO "premises_module_details" ("id", "premise_id", "company_id", "field_key", "field_value", "created_at", "updated_at") VALUES ('39', '34', '1', 'washrooms', 'ppp', '2026-02-02T11:01:31.000Z', '2026-02-02T11:01:31.000Z');
INSERT INTO "premises_module_details" ("id", "premise_id", "company_id", "field_key", "field_value", "created_at", "updated_at") VALUES ('40', '34', '1', 'reception', 'yes', '2026-02-02T11:01:31.000Z', '2026-02-02T11:01:31.000Z');
INSERT INTO "premises_module_details" ("id", "premise_id", "company_id", "field_key", "field_value", "created_at", "updated_at") VALUES ('41', '34', '1', 'internet_type_', 'dsl', '2026-02-02T11:01:31.000Z', '2026-02-02T11:01:31.000Z');
INSERT INTO "premises_module_details" ("id", "premise_id", "company_id", "field_key", "field_value", "created_at", "updated_at") VALUES ('42', '34', '1', 'power_capacity__kw_kva_', 'pp', '2026-02-02T11:01:31.000Z', '2026-02-02T11:01:31.000Z');
INSERT INTO "premises_module_details" ("id", "premise_id", "company_id", "field_key", "field_value", "created_at", "updated_at") VALUES ('43', '34', '1', 'parking_slots', 'ppp', '2026-02-02T11:01:31.000Z', '2026-02-02T11:01:31.000Z');
INSERT INTO "premises_module_details" ("id", "premise_id", "company_id", "field_key", "field_value", "created_at", "updated_at") VALUES ('44', '34', '1', 'fit_out_level', 'shell', '2026-02-02T11:01:31.000Z', '2026-02-02T11:01:31.000Z');
INSERT INTO "premises_module_details" ("id", "premise_id", "company_id", "field_key", "field_value", "created_at", "updated_at") VALUES ('45', '34', '1', 'furniture_ownership', 'owned', '2026-02-02T11:01:31.000Z', '2026-02-02T11:01:31.000Z');
INSERT INTO "premises_module_details" ("id", "premise_id", "company_id", "field_key", "field_value", "created_at", "updated_at") VALUES ('46', '34', '1', 'owner_legal_entity', 'pp', '2026-02-02T11:01:31.000Z', '2026-02-02T11:01:31.000Z');
INSERT INTO "premises_module_details" ("id", "premise_id", "company_id", "field_key", "field_value", "created_at", "updated_at") VALUES ('47', '34', '1', 'test_label', 'pp', '2026-02-02T11:01:31.000Z', '2026-02-02T11:01:31.000Z');
INSERT INTO "premises_module_details" ("id", "premise_id", "company_id", "field_key", "field_value", "created_at", "updated_at") VALUES ('48', '34', '1', 'title_deed_no', 'pp', '2026-02-02T11:01:31.000Z', '2026-02-02T11:01:31.000Z');
INSERT INTO "premises_module_details" ("id", "premise_id", "company_id", "field_key", "field_value", "created_at", "updated_at") VALUES ('49', '34', '1', 'purchase_date', 'pp', '2026-02-02T11:01:31.000Z', '2026-02-02T11:01:31.000Z');
INSERT INTO "premises_module_details" ("id", "premise_id", "company_id", "field_key", "field_value", "created_at", "updated_at") VALUES ('50', '34', '1', 'purchase_value_', 'ppp', '2026-02-02T11:01:31.000Z', '2026-02-02T11:01:31.000Z');
INSERT INTO "premises_module_details" ("id", "premise_id", "company_id", "field_key", "field_value", "created_at", "updated_at") VALUES ('51', '35', '1', 'area', 'Free Zone', '2026-02-02T12:22:48.000Z', '2026-02-02T12:22:48.000Z');
INSERT INTO "premises_module_details" ("id", "premise_id", "company_id", "field_key", "field_value", "created_at", "updated_at") VALUES ('52', '35', '1', 'premises_id', '307', '2026-02-02T12:22:48.000Z', '2026-02-02T12:22:48.000Z');
INSERT INTO "premises_module_details" ("id", "premise_id", "company_id", "field_key", "field_value", "created_at", "updated_at") VALUES ('53', '35', '1', 'primary_contact', '99999', '2026-02-02T12:22:48.000Z', '2026-02-02T12:22:48.000Z');
INSERT INTO "premises_module_details" ("id", "premise_id", "company_id", "field_key", "field_value", "created_at", "updated_at") VALUES ('54', '35', '1', 'password', '1235', '2026-02-02T12:22:48.000Z', '2026-02-02T12:22:48.000Z');
INSERT INTO "premises_module_details" ("id", "premise_id", "company_id", "field_key", "field_value", "created_at", "updated_at") VALUES ('55', '35', '1', 'premises_type_', 'O', '2026-02-02T12:22:48.000Z', '2026-02-02T12:22:48.000Z');
INSERT INTO "premises_module_details" ("id", "premise_id", "company_id", "field_key", "field_value", "created_at", "updated_at") VALUES ('56', '35', '1', 'company___business_unit', 'test', '2026-02-02T12:22:48.000Z', '2026-02-02T12:22:48.000Z');
INSERT INTO "premises_module_details" ("id", "premise_id", "company_id", "field_key", "field_value", "created_at", "updated_at") VALUES ('57', '35', '1', 'occupancy_status', 'OCCUPIED', '2026-02-02T12:22:48.000Z', '2026-02-02T12:22:48.000Z');
INSERT INTO "premises_module_details" ("id", "premise_id", "company_id", "field_key", "field_value", "created_at", "updated_at") VALUES ('58', '35', '1', 'office_unit_no_', '1007', '2026-02-02T12:22:48.000Z', '2026-02-02T12:22:48.000Z');
INSERT INTO "premises_module_details" ("id", "premise_id", "company_id", "field_key", "field_value", "created_at", "updated_at") VALUES ('59', '35', '1', 'floor', '10', '2026-02-02T12:22:48.000Z', '2026-02-02T12:22:48.000Z');
INSERT INTO "premises_module_details" ("id", "premise_id", "company_id", "field_key", "field_value", "created_at", "updated_at") VALUES ('60', '35', '1', 'makani_no', '258965', '2026-02-02T12:22:48.000Z', '2026-02-02T12:22:48.000Z');
INSERT INTO "premises_module_details" ("id", "premise_id", "company_id", "field_key", "field_value", "created_at", "updated_at") VALUES ('61', '35', '1', 'plot_parcel_no', '555', '2026-02-02T12:22:48.000Z', '2026-02-02T12:22:48.000Z');
INSERT INTO "premises_module_details" ("id", "premise_id", "company_id", "field_key", "field_value", "created_at", "updated_at") VALUES ('62', '35', '1', 'po_box', 'sharjah post ofice ', '2026-02-02T12:22:48.000Z', '2026-02-02T12:22:48.000Z');
INSERT INTO "premises_module_details" ("id", "premise_id", "company_id", "field_key", "field_value", "created_at", "updated_at") VALUES ('63', '35', '1', 'access_notes', 'test', '2026-02-02T12:22:48.000Z', '2026-02-02T12:22:48.000Z');
INSERT INTO "premises_module_details" ("id", "premise_id", "company_id", "field_key", "field_value", "created_at", "updated_at") VALUES ('64', '35', '1', 'meeting_rooms_', '9', '2026-02-02T12:22:48.000Z', '2026-02-02T12:22:48.000Z');
INSERT INTO "premises_module_details" ("id", "premise_id", "company_id", "field_key", "field_value", "created_at", "updated_at") VALUES ('65', '35', '1', 'total_area', '500sq', '2026-02-02T12:22:48.000Z', '2026-02-02T12:22:48.000Z');
INSERT INTO "premises_module_details" ("id", "premise_id", "company_id", "field_key", "field_value", "created_at", "updated_at") VALUES ('66', '35', '1', 'seating_capacity', '50', '2026-02-02T12:22:48.000Z', '2026-02-02T12:22:48.000Z');
INSERT INTO "premises_module_details" ("id", "premise_id", "company_id", "field_key", "field_value", "created_at", "updated_at") VALUES ('67', '35', '1', 'pantry_kitchen', 'yes', '2026-02-02T12:22:48.000Z', '2026-02-02T12:22:48.000Z');
INSERT INTO "premises_module_details" ("id", "premise_id", "company_id", "field_key", "field_value", "created_at", "updated_at") VALUES ('68', '35', '1', 'washrooms', '3', '2026-02-02T12:22:48.000Z', '2026-02-02T12:22:48.000Z');
INSERT INTO "premises_module_details" ("id", "premise_id", "company_id", "field_key", "field_value", "created_at", "updated_at") VALUES ('69', '35', '1', 'reception', 'yes', '2026-02-02T12:22:48.000Z', '2026-02-02T12:22:48.000Z');
INSERT INTO "premises_module_details" ("id", "premise_id", "company_id", "field_key", "field_value", "created_at", "updated_at") VALUES ('70', '35', '1', 'internet_type_', 'fiber', '2026-02-02T12:22:48.000Z', '2026-02-02T12:22:48.000Z');
INSERT INTO "premises_module_details" ("id", "premise_id", "company_id", "field_key", "field_value", "created_at", "updated_at") VALUES ('71', '35', '1', 'power_capacity__kw_kva_', '88', '2026-02-02T12:22:48.000Z', '2026-02-02T12:22:48.000Z');
INSERT INTO "premises_module_details" ("id", "premise_id", "company_id", "field_key", "field_value", "created_at", "updated_at") VALUES ('72', '35', '1', 'parking_slots', '6', '2026-02-02T12:22:48.000Z', '2026-02-02T12:22:48.000Z');
INSERT INTO "premises_module_details" ("id", "premise_id", "company_id", "field_key", "field_value", "created_at", "updated_at") VALUES ('73', '35', '1', 'fit_out_level', 'shell', '2026-02-02T12:22:48.000Z', '2026-02-02T12:22:48.000Z');
INSERT INTO "premises_module_details" ("id", "premise_id", "company_id", "field_key", "field_value", "created_at", "updated_at") VALUES ('74', '35', '1', 'furniture_ownership', 'owned', '2026-02-02T12:22:48.000Z', '2026-02-02T12:22:48.000Z');
INSERT INTO "premises_module_details" ("id", "premise_id", "company_id", "field_key", "field_value", "created_at", "updated_at") VALUES ('75', '35', '1', 'mortgage_lien', '66', '2026-02-02T12:22:48.000Z', '2026-02-02T12:22:48.000Z');
INSERT INTO "premises_module_details" ("id", "premise_id", "company_id", "field_key", "field_value", "created_at", "updated_at") VALUES ('76', '35', '1', 'title_deed_no', '66', '2026-02-02T12:22:48.000Z', '2026-02-02T12:22:48.000Z');
INSERT INTO "premises_module_details" ("id", "premise_id", "company_id", "field_key", "field_value", "created_at", "updated_at") VALUES ('77', '35', '1', 'purchase_date', '10/11/2026', '2026-02-02T12:22:48.000Z', '2026-02-02T12:22:48.000Z');
INSERT INTO "premises_module_details" ("id", "premise_id", "company_id", "field_key", "field_value", "created_at", "updated_at") VALUES ('78', '35', '1', 'purchase_value_', '555', '2026-02-02T12:22:48.000Z', '2026-02-02T12:22:48.000Z');
INSERT INTO "premises_module_details" ("id", "premise_id", "company_id", "field_key", "field_value", "created_at", "updated_at") VALUES ('79', '35', '1', 'depreciation_method_', '55', '2026-02-02T12:22:48.000Z', '2026-02-02T12:22:48.000Z');
INSERT INTO "premises_module_details" ("id", "premise_id", "company_id", "field_key", "field_value", "created_at", "updated_at") VALUES ('80', '35', '1', 'asset_capitalization_id', '55', '2026-02-02T12:22:48.000Z', '2026-02-02T12:22:48.000Z');
INSERT INTO "premises_module_details" ("id", "premise_id", "company_id", "field_key", "field_value", "created_at", "updated_at") VALUES ('81', '35', '1', 'insurance', '555', '2026-02-02T12:22:48.000Z', '2026-02-02T12:22:48.000Z');
INSERT INTO "premises_module_details" ("id", "premise_id", "company_id", "field_key", "field_value", "created_at", "updated_at") VALUES ('82', '35', '1', 'insurance_coverage_type', 'building', '2026-02-02T12:22:48.000Z', '2026-02-02T12:22:48.000Z');
INSERT INTO "premises_module_details" ("id", "premise_id", "company_id", "field_key", "field_value", "created_at", "updated_at") VALUES ('83', '35', '1', 'building_management_approvals', '555', '2026-02-02T12:22:48.000Z', '2026-02-02T12:22:48.000Z');
INSERT INTO "premises_module_details" ("id", "premise_id", "company_id", "field_key", "field_value", "created_at", "updated_at") VALUES ('84', '35', '1', 'health___safety_inspection_schedule', '55', '2026-02-02T12:22:48.000Z', '2026-02-02T12:22:48.000Z');
INSERT INTO "premises_module_details" ("id", "premise_id", "company_id", "field_key", "field_value", "created_at", "updated_at") VALUES ('85', '35', '1', 'civil_defense_certificate_no_', '55', '2026-02-02T12:22:48.000Z', '2026-02-02T12:22:48.000Z');
INSERT INTO "premises_module_details" ("id", "premise_id", "company_id", "field_key", "field_value", "created_at", "updated_at") VALUES ('86', '35', '1', 'water_account_no', '555', '2026-02-02T12:22:48.000Z', '2026-02-02T12:22:48.000Z');
INSERT INTO "premises_module_details" ("id", "premise_id", "company_id", "field_key", "field_value", "created_at", "updated_at") VALUES ('87', '35', '1', 'chiller_district_cooling', '55', '2026-02-02T12:22:48.000Z', '2026-02-02T12:22:48.000Z');
INSERT INTO "premises_module_details" ("id", "premise_id", "company_id", "field_key", "field_value", "created_at", "updated_at") VALUES ('88', '35', '1', 'electricity_provider', '55', '2026-02-02T12:22:48.000Z', '2026-02-02T12:22:48.000Z');
INSERT INTO "premises_module_details" ("id", "premise_id", "company_id", "field_key", "field_value", "created_at", "updated_at") VALUES ('89', '35', '1', 'service_contracts', '55', '2026-02-02T12:22:48.000Z', '2026-02-02T12:22:48.000Z');
INSERT INTO "premises_module_details" ("id", "premise_id", "company_id", "field_key", "field_value", "created_at", "updated_at") VALUES ('90', '36', '1', 'country_id', '2', '2026-02-03T06:21:24.000Z', '2026-02-03T06:21:24.000Z');
INSERT INTO "premises_module_details" ("id", "premise_id", "company_id", "field_key", "field_value", "created_at", "updated_at") VALUES ('91', '36', '1', 'premises_type_id', '2', '2026-02-03T06:21:24.000Z', '2026-02-03T06:21:24.000Z');
INSERT INTO "premises_module_details" ("id", "premise_id", "company_id", "field_key", "field_value", "created_at", "updated_at") VALUES ('92', '36', '1', 'area', 'Free Zone', '2026-02-03T06:21:24.000Z', '2026-02-03T06:21:24.000Z');
INSERT INTO "premises_module_details" ("id", "premise_id", "company_id", "field_key", "field_value", "created_at", "updated_at") VALUES ('93', '37', '1', 'country_id', '2', '2026-02-03T08:20:59.000Z', '2026-02-03T08:20:59.000Z');
INSERT INTO "premises_module_details" ("id", "premise_id", "company_id", "field_key", "field_value", "created_at", "updated_at") VALUES ('94', '37', '1', 'property_type_id', '1', '2026-02-03T08:20:59.000Z', '2026-02-03T08:20:59.000Z');
INSERT INTO "premises_module_details" ("id", "premise_id", "company_id", "field_key", "field_value", "created_at", "updated_at") VALUES ('95', '37', '1', 'premises_type_id', '2', '2026-02-03T08:20:59.000Z', '2026-02-03T08:20:59.000Z');
INSERT INTO "premises_module_details" ("id", "premise_id", "company_id", "field_key", "field_value", "created_at", "updated_at") VALUES ('96', '37', '1', 'area', 'Free Zone', '2026-02-03T08:20:59.000Z', '2026-02-03T08:20:59.000Z');
INSERT INTO "premises_module_details" ("id", "premise_id", "company_id", "field_key", "field_value", "created_at", "updated_at") VALUES ('97', '38', '1', 'country_id', '2', '2026-02-03T08:32:06.000Z', '2026-02-03T08:32:06.000Z');
INSERT INTO "premises_module_details" ("id", "premise_id", "company_id", "field_key", "field_value", "created_at", "updated_at") VALUES ('98', '38', '1', 'property_type_id', '1', '2026-02-03T08:32:06.000Z', '2026-02-03T08:32:06.000Z');
INSERT INTO "premises_module_details" ("id", "premise_id", "company_id", "field_key", "field_value", "created_at", "updated_at") VALUES ('99', '38', '1', 'premises_type_id', '2', '2026-02-03T08:32:06.000Z', '2026-02-03T08:32:06.000Z');
INSERT INTO "premises_module_details" ("id", "premise_id", "company_id", "field_key", "field_value", "created_at", "updated_at") VALUES ('100', '38', '1', 'area', 'Free Zone', '2026-02-03T08:32:06.000Z', '2026-02-03T08:32:06.000Z');
INSERT INTO "premises_module_details" ("id", "premise_id", "company_id", "field_key", "field_value", "created_at", "updated_at") VALUES ('101', '38', '1', 'premises_id', 'test', '2026-02-03T08:32:06.000Z', '2026-02-03T08:32:06.000Z');
INSERT INTO "premises_module_details" ("id", "premise_id", "company_id", "field_key", "field_value", "created_at", "updated_at") VALUES ('102', '38', '1', 'primary_contact', 'test', '2026-02-03T08:32:06.000Z', '2026-02-03T08:32:06.000Z');
INSERT INTO "premises_module_details" ("id", "premise_id", "company_id", "field_key", "field_value", "created_at", "updated_at") VALUES ('103', '38', '1', 'legal_property', 'test', '2026-02-03T08:32:06.000Z', '2026-02-03T08:32:06.000Z');
INSERT INTO "premises_module_details" ("id", "premise_id", "company_id", "field_key", "field_value", "created_at", "updated_at") VALUES ('104', '39', '1', 'country_id', '2', '2026-02-03T08:43:51.000Z', '2026-02-03T08:43:51.000Z');
INSERT INTO "premises_module_details" ("id", "premise_id", "company_id", "field_key", "field_value", "created_at", "updated_at") VALUES ('105', '39', '1', 'property_type_id', '1', '2026-02-03T08:43:51.000Z', '2026-02-03T08:43:51.000Z');
INSERT INTO "premises_module_details" ("id", "premise_id", "company_id", "field_key", "field_value", "created_at", "updated_at") VALUES ('106', '39', '1', 'premises_type_id', '2', '2026-02-03T08:43:51.000Z', '2026-02-03T08:43:51.000Z');
INSERT INTO "premises_module_details" ("id", "premise_id", "company_id", "field_key", "field_value", "created_at", "updated_at") VALUES ('107', '39', '1', 'area', 'Free Zone', '2026-02-03T08:43:51.000Z', '2026-02-03T08:43:51.000Z');
INSERT INTO "premises_module_details" ("id", "premise_id", "company_id", "field_key", "field_value", "created_at", "updated_at") VALUES ('108', '39', '1', 'premises_id', '101', '2026-02-03T08:43:51.000Z', '2026-02-03T08:43:51.000Z');
INSERT INTO "premises_module_details" ("id", "premise_id", "company_id", "field_key", "field_value", "created_at", "updated_at") VALUES ('109', '39', '1', 'primary_contact', '999', '2026-02-03T08:43:51.000Z', '2026-02-03T08:43:51.000Z');
INSERT INTO "premises_module_details" ("id", "premise_id", "company_id", "field_key", "field_value", "created_at", "updated_at") VALUES ('110', '39', '1', 'legal_property', 'Clue Quest Task.docx', '2026-02-03T08:43:51.000Z', '2026-02-03T08:43:51.000Z');
INSERT INTO "premises_module_details" ("id", "premise_id", "company_id", "field_key", "field_value", "created_at", "updated_at") VALUES ('111', '40', '1', 'country_id', '1', '2026-02-03T08:52:59.000Z', '2026-02-03T08:52:59.000Z');
INSERT INTO "premises_module_details" ("id", "premise_id", "company_id", "field_key", "field_value", "created_at", "updated_at") VALUES ('112', '40', '1', 'property_type_id', '2', '2026-02-03T08:52:59.000Z', '2026-02-03T08:52:59.000Z');
INSERT INTO "premises_module_details" ("id", "premise_id", "company_id", "field_key", "field_value", "created_at", "updated_at") VALUES ('113', '40', '1', 'premises_type_id', '1', '2026-02-03T08:52:59.000Z', '2026-02-03T08:52:59.000Z');
INSERT INTO "premises_module_details" ("id", "premise_id", "company_id", "field_key", "field_value", "created_at", "updated_at") VALUES ('114', '40', '1', 'area', 'Free Zone', '2026-02-03T08:52:59.000Z', '2026-02-03T08:52:59.000Z');
INSERT INTO "premises_module_details" ("id", "premise_id", "company_id", "field_key", "field_value", "created_at", "updated_at") VALUES ('115', '40', '1', 'premises_id', '103', '2026-02-03T08:52:59.000Z', '2026-02-03T08:52:59.000Z');
INSERT INTO "premises_module_details" ("id", "premise_id", "company_id", "field_key", "field_value", "created_at", "updated_at") VALUES ('116', '41', '1', 'country_id', '1', '2026-02-03T09:11:09.000Z', '2026-02-03T09:11:09.000Z');
INSERT INTO "premises_module_details" ("id", "premise_id", "company_id", "field_key", "field_value", "created_at", "updated_at") VALUES ('117', '41', '1', 'property_type_id', '1', '2026-02-03T09:11:09.000Z', '2026-02-03T09:11:09.000Z');
INSERT INTO "premises_module_details" ("id", "premise_id", "company_id", "field_key", "field_value", "created_at", "updated_at") VALUES ('118', '41', '1', 'premises_type_id', '1', '2026-02-03T09:11:09.000Z', '2026-02-03T09:11:09.000Z');
INSERT INTO "premises_module_details" ("id", "premise_id", "company_id", "field_key", "field_value", "created_at", "updated_at") VALUES ('119', '41', '1', 'area', 'Main Land', '2026-02-03T09:11:09.000Z', '2026-02-03T09:11:09.000Z');
INSERT INTO "premises_module_details" ("id", "premise_id", "company_id", "field_key", "field_value", "created_at", "updated_at") VALUES ('120', '41', '1', 'premises_id', '107', '2026-02-03T09:11:09.000Z', '2026-02-03T09:11:09.000Z');
SELECT setval(pg_get_serial_sequence('"premises_module_details"', 'id'), COALESCE((SELECT MAX("id") FROM "premises_module_details"), 1));

-- Data for premises_types
INSERT INTO "premises_types" ("id", "type_name") VALUES ('1', 'Warehouse');
INSERT INTO "premises_types" ("id", "type_name") VALUES ('2', 'Office');
SELECT setval(pg_get_serial_sequence('"premises_types"', 'id'), COALESCE((SELECT MAX("id") FROM "premises_types"), 1));

-- Data for property_types
INSERT INTO "property_types" ("id", "name") VALUES ('1', 'Owned');
INSERT INTO "property_types" ("id", "name") VALUES ('2', 'Rental');
SELECT setval(pg_get_serial_sequence('"property_types"', 'id'), COALESCE((SELECT MAX("id") FROM "property_types"), 1));

-- Data for users
INSERT INTO "users" ("id", "company_id", "name", "email", "password", "role", "status", "created_at", "updated_at") VALUES ('1', '1', 'System Admin', 'vishnu@nurac.com', '$2b$10$oFF3cTp2Zs3q3vb0yoQLVeXCXt/9xkKa2PgfIbfdxe.hIyLFM6WVe', 'COMPANY_ADMIN', 'ACTIVE', '2026-01-23T11:34:16.000Z', '2026-01-24T12:40:19.000Z');
INSERT INTO "users" ("id", "company_id", "name", "email", "password", "role", "status", "created_at", "updated_at") VALUES ('2', '1', 'TRakio Admin', 'admin@trakio.com', '$2b$10$n9ye4uV0ZMT//fvMLANgXue4hPJX/LGFYrjCOdM60VQoBrcxKnV3O', 'COMPANY_ADMIN', 'ACTIVE', '2026-01-23T11:34:16.000Z', '2026-01-24T07:42:38.000Z');
INSERT INTO "users" ("id", "company_id", "name", "email", "password", "role", "status", "created_at", "updated_at") VALUES ('3', '1', 'TechSol Admin', 'admin@techsol.com', 'admin123', 'COMPANY_ADMIN', 'ACTIVE', '2026-01-23T11:34:16.000Z', '2026-01-24T12:40:19.000Z');
INSERT INTO "users" ("id", "company_id", "name", "email", "password", "role", "status", "created_at", "updated_at") VALUES ('4', '1', 'John Doe Employee', 'john@trakio.com', 'user123', 'EMPLOYEE', 'ACTIVE', '2026-01-23T11:34:16.000Z', '2026-01-23T11:49:21.000Z');
INSERT INTO "users" ("id", "company_id", "name", "email", "password", "role", "status", "created_at", "updated_at") VALUES ('5', '1', 'Vishnupriya', 'vishnupriya@nurac', '$2b$10$QbnSqprEjjADserCr7V05en5Vm8bI/eStY0zt0KSHIhEp8nGc9aUy', 'SUPER_ADMIN', 'ACTIVE', '2026-01-23T13:37:05.000Z', '2026-01-24T12:40:19.000Z');
SELECT setval(pg_get_serial_sequence('"users"', 'id'), COALESCE((SELECT MAX("id") FROM "users"), 1));

SET session_replication_role = 'origin';
